date,series_id,category,value
2015-01-01,CUUR0000SAA,Apparel,122.527
2015-02-01,CUUR0000SAA,Apparel,124.457
2015-03-01,CUUR0000SAA,Apparel,128.245
2015-04-01,CUUR0000SAA,Apparel,128.593
2015-05-01,CUUR0000SAA,Apparel,127.083
2015-06-01,CUUR0000SAA,Apparel,124.954
2015-07-01,CUUR0000SAA,Apparel,122.607
2015-08-01,CUUR0000SAA,Apparel,124.547
2015-09-01,CUUR0000SAA,Apparel,128.54
2015-10-01,CUUR0000SAA,Apparel,129.446
2015-11-01,CUUR0000SAA,Apparel,127.039
2015-12-01,CUUR0000SAA,Apparel,122.792
2016-01-01,CUUR0000SAA,Apparel,121.878
2016-02-01,CUUR0000SAA,Apparel,125.567
2016-03-01,CUUR0000SAA,Apparel,127.427
2016-04-01,CUUR0000SAA,Apparel,127.77
2016-05-01,CUUR0000SAA,Apparel,127.758
2016-06-01,CUUR0000SAA,Apparel,125.472
2016-07-01,CUUR0000SAA,Apparel,123.03
2016-08-01,CUUR0000SAA,Apparel,124.871
2016-09-01,CUUR0000SAA,Apparel,128.429
2016-10-01,CUUR0000SAA,Apparel,130.328
2016-11-01,CUUR0000SAA,Apparel,127.377
2016-12-01,CUUR0000SAA,Apparel,122.637
2017-01-01,CUUR0000SAA,Apparel,123.088
2017-02-01,CUUR0000SAA,Apparel,126.1
2017-03-01,CUUR0000SAA,Apparel,128.25
2017-04-01,CUUR0000SAA,Apparel,128.349
2017-05-01,CUUR0000SAA,Apparel,126.563
2017-06-01,CUUR0000SAA,Apparel,124.63
2017-07-01,CUUR0000SAA,Apparel,122.485
2017-08-01,CUUR0000SAA,Apparel,124.147
2017-09-01,CUUR0000SAA,Apparel,128.15
2017-10-01,CUUR0000SAA,Apparel,129.57
2017-11-01,CUUR0000SAA,Apparel,125.398
2017-12-01,CUUR0000SAA,Apparel,120.614
2018-01-01,CUUR0000SAA,Apparel,122.266
2018-02-01,CUUR0000SAA,Apparel,126.587
2018-03-01,CUUR0000SAA,Apparel,128.604
2018-04-01,CUUR0000SAA,Apparel,129.365
2018-05-01,CUUR0000SAA,Apparel,128.362
2018-06-01,CUUR0000SAA,Apparel,125.382
2018-07-01,CUUR0000SAA,Apparel,122.831
2018-08-01,CUUR0000SAA,Apparel,122.447
2018-09-01,CUUR0000SAA,Apparel,127.44
2018-10-01,CUUR0000SAA,Apparel,129.108
2018-11-01,CUUR0000SAA,Apparel,124.935
2018-12-01,CUUR0000SAA,Apparel,120.526
2019-01-01,CUUR0000SAA,Apparel,122.422
2019-02-01,CUUR0000SAA,Apparel,125.631
2019-03-01,CUUR0000SAA,Apparel,125.785
2019-04-01,CUUR0000SAA,Apparel,125.542
2019-05-01,CUUR0000SAA,Apparel,124.429
2019-06-01,CUUR0000SAA,Apparel,123.749
2019-07-01,CUUR0000SAA,Apparel,122.161
2019-08-01,CUUR0000SAA,Apparel,123.641
2019-09-01,CUUR0000SAA,Apparel,127.009
2019-10-01,CUUR0000SAA,Apparel,126.154
2019-11-01,CUUR0000SAA,Apparel,122.986
2019-12-01,CUUR0000SAA,Apparel,119.111
2020-01-01,CUUR0000SAA,Apparel,120.853
2020-02-01,CUUR0000SAA,Apparel,124.438
2020-03-01,CUUR0000SAA,Apparel,123.815
2020-04-01,CUUR0000SAA,Apparel,118.394
2020-05-01,CUUR0000SAA,Apparel,114.582
2020-06-01,CUUR0000SAA,Apparel,114.734
2020-07-01,CUUR0000SAA,Apparel,114.267
2020-08-01,CUUR0000SAA,Apparel,116.299
2020-09-01,CUUR0000SAA,Apparel,119.354
2020-10-01,CUUR0000SAA,Apparel,119.172
2020-11-01,CUUR0000SAA,Apparel,116.602
2020-12-01,CUUR0000SAA,Apparel,114.434
2021-01-01,CUUR0000SAA,Apparel,117.785
2021-02-01,CUUR0000SAA,Apparel,119.998
2021-03-01,CUUR0000SAA,Apparel,120.746
2021-04-01,CUUR0000SAA,Apparel,120.656
2021-05-01,CUUR0000SAA,Apparel,120.951
2021-06-01,CUUR0000SAA,Apparel,120.324
2021-07-01,CUUR0000SAA,Apparel,119.078
2021-08-01,CUUR0000SAA,Apparel,121.194
2021-09-01,CUUR0000SAA,Apparel,123.406
2021-10-01,CUUR0000SAA,Apparel,124.323
2021-11-01,CUUR0000SAA,Apparel,122.383
2021-12-01,CUUR0000SAA,Apparel,121.068
2022-01-01,CUUR0000SAA,Apparel,124.079
2022-02-01,CUUR0000SAA,Apparel,127.868
2022-03-01,CUUR0000SAA,Apparel,128.919
2022-04-01,CUUR0000SAA,Apparel,127.126
2022-05-01,CUUR0000SAA,Apparel,126.97
2022-06-01,CUUR0000SAA,Apparel,126.619
2022-07-01,CUUR0000SAA,Apparel,125.188
2022-08-01,CUUR0000SAA,Apparel,127.328
2022-09-01,CUUR0000SAA,Apparel,130.143
2022-10-01,CUUR0000SAA,Apparel,129.414
2022-11-01,CUUR0000SAA,Apparel,126.728
2022-12-01,CUUR0000SAA,Apparel,124.587
2023-01-01,CUUR0000SAA,Apparel,127.875
2023-02-01,CUUR0000SAA,Apparel,132.039
2023-03-01,CUUR0000SAA,Apparel,133.112
2023-04-01,CUUR0000SAA,Apparel,131.762
2023-05-01,CUUR0000SAA,Apparel,131.382
2023-06-01,CUUR0000SAA,Apparel,130.51
2023-07-01,CUUR0000SAA,Apparel,129.172
2023-08-01,CUUR0000SAA,Apparel,131.262
2023-09-01,CUUR0000SAA,Apparel,133.157
2023-10-01,CUUR0000SAA,Apparel,132.786
2023-11-01,CUUR0000SAA,Apparel,128.093
2023-12-01,CUUR0000SAA,Apparel,125.794
2024-01-01,CUUR0000SAA,Apparel,127.946
2024-02-01,CUUR0000SAA,Apparel,131.985
2024-03-01,CUUR0000SAA,Apparel,133.64
2024-04-01,CUUR0000SAA,Apparel,133.502
2024-05-01,CUUR0000SAA,Apparel,132.433
2024-06-01,CUUR0000SAA,Apparel,131.525
2024-07-01,CUUR0000SAA,Apparel,129.466
2024-08-01,CUUR0000SAA,Apparel,131.683
2024-09-01,CUUR0000SAA,Apparel,135.537
2024-10-01,CUUR0000SAA,Apparel,133.179
2024-11-01,CUUR0000SAA,Apparel,129.542
2024-12-01,CUUR0000SAA,Apparel,127.354
2025-01-01,CUUR0000SAA,Apparel,128.464
2025-02-01,CUUR0000SAA,Apparel,132.774
2025-03-01,CUUR0000SAA,Apparel,134.082
2025-04-01,CUUR0000SAA,Apparel,132.544
2025-05-01,CUUR0000SAA,Apparel,131.223
2025-06-01,CUUR0000SAA,Apparel,130.844
2025-07-01,CUUR0000SAA,Apparel,129.19
2025-08-01,CUUR0000SAA,Apparel,131.989
2025-09-01,CUUR0000SAA,Apparel,135.424
2025-11-01,CUUR0000SAA,Apparel,129.763
2025-12-01,CUUR0000SAA,Apparel,128.122
2015-01-01,CUUR0000SA0E,Energy,192.619
2015-02-01,CUUR0000SA0E,Energy,196.597
2015-03-01,CUUR0000SA0E,Energy,204.731
2015-04-01,CUUR0000SA0E,Energy,203.715
2015-05-01,CUUR0000SA0E,Energy,214.33
2015-06-01,CUUR0000SA0E,Energy,220.861
2015-07-01,CUUR0000SA0E,Energy,219.852
2015-08-01,CUUR0000SA0E,Energy,213.248
2015-09-01,CUUR0000SA0E,Energy,201.641
2015-10-01,CUUR0000SA0E,Energy,194.501
2015-11-01,CUUR0000SA0E,Energy,189.267
2015-12-01,CUUR0000SA0E,Energy,183.378
2016-01-01,CUUR0000SA0E,Energy,180.171
2016-02-01,CUUR0000SA0E,Energy,172.061
2016-03-01,CUUR0000SA0E,Energy,179.017
2016-04-01,CUUR0000SA0E,Energy,185.652
2016-05-01,CUUR0000SA0E,Energy,192.673
2016-06-01,CUUR0000SA0E,Energy,200.035
2016-07-01,CUUR0000SA0E,Energy,195.94
2016-08-01,CUUR0000SA0E,Energy,193.524
2016-09-01,CUUR0000SA0E,Energy,195.852
2016-10-01,CUUR0000SA0E,Energy,194.786
2016-11-01,CUUR0000SA0E,Energy,191.402
2016-12-01,CUUR0000SA0E,Energy,193.306
2017-01-01,CUUR0000SA0E,Energy,199.608
2017-02-01,CUUR0000SA0E,Energy,198.195
2017-03-01,CUUR0000SA0E,Energy,198.597
2017-04-01,CUUR0000SA0E,Energy,202.869
2017-05-01,CUUR0000SA0E,Energy,203.132
2017-06-01,CUUR0000SA0E,Energy,204.646
2017-07-01,CUUR0000SA0E,Energy,202.554
2017-08-01,CUUR0000SA0E,Energy,205.894
2017-09-01,CUUR0000SA0E,Energy,215.711
2017-10-01,CUUR0000SA0E,Energy,207.29
2017-11-01,CUUR0000SA0E,Energy,209.383
2017-12-01,CUUR0000SA0E,Energy,206.598
2018-01-01,CUUR0000SA0E,Energy,210.663
2018-02-01,CUUR0000SA0E,Energy,213.519
2018-03-01,CUUR0000SA0E,Energy,212.554
2018-04-01,CUUR0000SA0E,Energy,218.83
2018-05-01,CUUR0000SA0E,Energy,226.81
2018-06-01,CUUR0000SA0E,Energy,229.137
2018-07-01,CUUR0000SA0E,Energy,227.107
2018-08-01,CUUR0000SA0E,Energy,226.939
2018-09-01,CUUR0000SA0E,Energy,226.165
2018-10-01,CUUR0000SA0E,Energy,225.757
2018-11-01,CUUR0000SA0E,Energy,215.91
2018-12-01,CUUR0000SA0E,Energy,205.905
2019-01-01,CUUR0000SA0E,Energy,200.563
2019-02-01,CUUR0000SA0E,Energy,202.74
2019-03-01,CUUR0000SA0E,Energy,211.724
2019-04-01,CUUR0000SA0E,Energy,222.499
2019-05-01,CUUR0000SA0E,Energy,225.773
2019-06-01,CUUR0000SA0E,Energy,221.373
2019-07-01,CUUR0000SA0E,Energy,222.492
2019-08-01,CUUR0000SA0E,Energy,216.978
2019-09-01,CUUR0000SA0E,Energy,215.418
2019-10-01,CUUR0000SA0E,Energy,216.351
2019-11-01,CUUR0000SA0E,Energy,214.636
2019-12-01,CUUR0000SA0E,Energy,212.982
2020-01-01,CUUR0000SA0E,Energy,213.043
2020-02-01,CUUR0000SA0E,Energy,208.354
2020-03-01,CUUR0000SA0E,Energy,199.573
2020-04-01,CUUR0000SA0E,Energy,183.081
2020-05-01,CUUR0000SA0E,Energy,183.076
2020-06-01,CUUR0000SA0E,Energy,193.379
2020-07-01,CUUR0000SA0E,Energy,197.665
2020-08-01,CUUR0000SA0E,Energy,197.362
2020-09-01,CUUR0000SA0E,Energy,198.858
2020-10-01,CUUR0000SA0E,Energy,196.458
2020-11-01,CUUR0000SA0E,Energy,194.388
2020-12-01,CUUR0000SA0E,Energy,198.155
2021-01-01,CUUR0000SA0E,Energy,205.273
2021-02-01,CUUR0000SA0E,Energy,213.277
2021-03-01,CUUR0000SA0E,Energy,225.861
2021-04-01,CUUR0000SA0E,Energy,229.116
2021-05-01,CUUR0000SA0E,Energy,235.339
2021-06-01,CUUR0000SA0E,Energy,240.72
2021-07-01,CUUR0000SA0E,Energy,244.8
2021-08-01,CUUR0000SA0E,Energy,246.639
2021-09-01,CUUR0000SA0E,Energy,248.228
2021-10-01,CUUR0000SA0E,Energy,255.338
2021-11-01,CUUR0000SA0E,Energy,259.1
2021-12-01,CUUR0000SA0E,Energy,256.207
2022-01-01,CUUR0000SA0E,Energy,260.653
2022-02-01,CUUR0000SA0E,Energy,267.771
2022-03-01,CUUR0000SA0E,Energy,298.246
2022-04-01,CUUR0000SA0E,Energy,298.469
2022-05-01,CUUR0000SA0E,Energy,316.761
2022-06-01,CUUR0000SA0E,Energy,340.917
2022-07-01,CUUR0000SA0E,Energy,325.407
2022-08-01,CUUR0000SA0E,Energy,305.372
2022-09-01,CUUR0000SA0E,Energy,297.343
2022-10-01,CUUR0000SA0E,Energy,300.359
2022-11-01,CUUR0000SA0E,Energy,292.953
2022-12-01,CUUR0000SA0E,Energy,274.937
2023-01-01,CUUR0000SA0E,Energy,283.33
2023-02-01,CUUR0000SA0E,Energy,281.673
2023-03-01,CUUR0000SA0E,Energy,279.084
2023-04-01,CUUR0000SA0E,Energy,283.352
2023-05-01,CUUR0000SA0E,Energy,279.816
2023-06-01,CUUR0000SA0E,Energy,283.854
2023-07-01,CUUR0000SA0E,Energy,284.828
2023-08-01,CUUR0000SA0E,Energy,294.328
2023-09-01,CUUR0000SA0E,Energy,296.004
2023-10-01,CUUR0000SA0E,Energy,286.754
2023-11-01,CUUR0000SA0E,Energy,277.029
2023-12-01,CUUR0000SA0E,Energy,269.375
2024-01-01,CUUR0000SA0E,Energy,270.42
2024-02-01,CUUR0000SA0E,Energy,276.331
2024-03-01,CUUR0000SA0E,Energy,285.002
2024-04-01,CUUR0000SA0E,Energy,290.76
2024-05-01,CUUR0000SA0E,Energy,290.139
2024-06-01,CUUR0000SA0E,Energy,286.675
2024-07-01,CUUR0000SA0E,Energy,287.868
2024-08-01,CUUR0000SA0E,Energy,282.614
2024-09-01,CUUR0000SA0E,Energy,275.74
2024-10-01,CUUR0000SA0E,Energy,272.807
2024-11-01,CUUR0000SA0E,Energy,268.213
2024-12-01,CUUR0000SA0E,Energy,267.963
2025-01-01,CUUR0000SA0E,Energy,273.045
2025-02-01,CUUR0000SA0E,Energy,275.867
2025-03-01,CUUR0000SA0E,Energy,275.734
2025-04-01,CUUR0000SA0E,Energy,279.888
2025-05-01,CUUR0000SA0E,Energy,280.097
2025-06-01,CUUR0000SA0E,Energy,284.307
2025-07-01,CUUR0000SA0E,Energy,283.395
2025-08-01,CUUR0000SA0E,Energy,283.247
2025-09-01,CUUR0000SA0E,Energy,283.589
2025-11-01,CUUR0000SA0E,Energy,279.588
2025-12-01,CUUR0000SA0E,Energy,274.131
2015-01-01,CUUR0000SAF1,Food,246.538
2015-02-01,CUUR0000SAF1,Food,246.68
2015-03-01,CUUR0000SAF1,Food,246.045
2015-04-01,CUUR0000SAF1,Food,246.121
2015-05-01,CUUR0000SAF1,Food,246.187
2015-06-01,CUUR0000SAF1,Food,246.68
2015-07-01,CUUR0000SAF1,Food,247.003
2015-08-01,CUUR0000SAF1,Food,247.671
2015-09-01,CUUR0000SAF1,Food,248.632
2015-10-01,CUUR0000SAF1,Food,249.052
2015-11-01,CUUR0000SAF1,Food,248.306
2015-12-01,CUUR0000SAF1,Food,247.903
2016-01-01,CUUR0000SAF1,Food,248.631
2016-02-01,CUUR0000SAF1,Food,248.8
2016-03-01,CUUR0000SAF1,Food,247.978
2016-04-01,CUUR0000SAF1,Food,248.413
2016-05-01,CUUR0000SAF1,Food,247.86
2016-06-01,CUUR0000SAF1,Food,247.482
2016-07-01,CUUR0000SAF1,Food,247.554
2016-08-01,CUUR0000SAF1,Food,247.719
2016-09-01,CUUR0000SAF1,Food,247.917
2016-10-01,CUUR0000SAF1,Food,248.073
2016-11-01,CUUR0000SAF1,Food,247.435
2016-12-01,CUUR0000SAF1,Food,247.313
2017-01-01,CUUR0000SAF1,Food,248.242
2017-02-01,CUUR0000SAF1,Food,248.791
2017-03-01,CUUR0000SAF1,Food,249.165
2017-04-01,CUUR0000SAF1,Food,249.739
2017-05-01,CUUR0000SAF1,Food,250.016
2017-06-01,CUUR0000SAF1,Food,249.653
2017-07-01,CUUR0000SAF1,Food,250.214
2017-08-01,CUUR0000SAF1,Food,250.493
2017-09-01,CUUR0000SAF1,Food,250.993
2017-10-01,CUUR0000SAF1,Food,251.364
2017-11-01,CUUR0000SAF1,Food,250.871
2017-12-01,CUUR0000SAF1,Food,251.238
2018-01-01,CUUR0000SAF1,Food,252.361
2018-02-01,CUUR0000SAF1,Food,252.266
2018-03-01,CUUR0000SAF1,Food,252.37
2018-04-01,CUUR0000SAF1,Food,253.209
2018-05-01,CUUR0000SAF1,Food,253.098
2018-06-01,CUUR0000SAF1,Food,253.231
2018-07-01,CUUR0000SAF1,Food,253.746
2018-08-01,CUUR0000SAF1,Food,254.077
2018-09-01,CUUR0000SAF1,Food,254.393
2018-10-01,CUUR0000SAF1,Food,254.358
2018-11-01,CUUR0000SAF1,Food,254.379
2018-12-01,CUUR0000SAF1,Food,255.21
2019-01-01,CUUR0000SAF1,Food,256.417
2019-02-01,CUUR0000SAF1,Food,257.222
2019-03-01,CUUR0000SAF1,Food,257.724
2019-04-01,CUUR0000SAF1,Food,257.708
2019-05-01,CUUR0000SAF1,Food,258.11
2019-06-01,CUUR0000SAF1,Food,258.064
2019-07-01,CUUR0000SAF1,Food,258.274
2019-08-01,CUUR0000SAF1,Food,258.41
2019-09-01,CUUR0000SAF1,Food,258.943
2019-10-01,CUUR0000SAF1,Food,259.632
2019-11-01,CUUR0000SAF1,Food,259.467
2019-12-01,CUUR0000SAF1,Food,259.823
2020-01-01,CUUR0000SAF1,Food,261.057
2020-02-01,CUUR0000SAF1,Food,261.876
2020-03-01,CUUR0000SAF1,Food,262.708
2020-04-01,CUUR0000SAF1,Food,266.757
2020-05-01,CUUR0000SAF1,Food,268.439
2020-06-01,CUUR0000SAF1,Food,269.77
2020-07-01,CUUR0000SAF1,Food,268.863
2020-08-01,CUUR0000SAF1,Food,269.079
2020-09-01,CUUR0000SAF1,Food,269.163
2020-10-01,CUUR0000SAF1,Food,269.828
2020-11-01,CUUR0000SAF1,Food,269.069
2020-12-01,CUUR0000SAF1,Food,270.023
2021-01-01,CUUR0000SAF1,Food,270.938
2021-02-01,CUUR0000SAF1,Food,271.363
2021-03-01,CUUR0000SAF1,Food,271.812
2021-04-01,CUUR0000SAF1,Food,273.09
2021-05-01,CUUR0000SAF1,Food,274.212
2021-06-01,CUUR0000SAF1,Food,276.206
2021-07-01,CUUR0000SAF1,Food,278.127
2021-08-01,CUUR0000SAF1,Food,279.135
2021-09-01,CUUR0000SAF1,Food,281.506
2021-10-01,CUUR0000SAF1,Food,284.205
2021-11-01,CUUR0000SAF1,Food,285.507
2021-12-01,CUUR0000SAF1,Food,286.966
2022-01-01,CUUR0000SAF1,Food,289.772
2022-02-01,CUUR0000SAF1,Food,292.794
2022-03-01,CUUR0000SAF1,Food,295.728
2022-04-01,CUUR0000SAF1,Food,298.711
2022-05-01,CUUR0000SAF1,Food,302.038
2022-06-01,CUUR0000SAF1,Food,305.041
2022-07-01,CUUR0000SAF1,Food,308.532
2022-08-01,CUUR0000SAF1,Food,310.875
2022-09-01,CUUR0000SAF1,Food,313.142
2022-10-01,CUUR0000SAF1,Food,315.323
2022-11-01,CUUR0000SAF1,Food,315.857
2022-12-01,CUUR0000SAF1,Food,316.839
2023-01-01,CUUR0000SAF1,Food,319.136
2023-02-01,CUUR0000SAF1,Food,320.569
2023-03-01,CUUR0000SAF1,Food,320.863
2023-04-01,CUUR0000SAF1,Food,321.566
2023-05-01,CUUR0000SAF1,Food,322.249
2023-06-01,CUUR0000SAF1,Food,322.556
2023-07-01,CUUR0000SAF1,Food,323.523
2023-08-01,CUUR0000SAF1,Food,324.1
2023-09-01,CUUR0000SAF1,Food,324.704
2023-10-01,CUUR0000SAF1,Food,325.731
2023-11-01,CUUR0000SAF1,Food,325.172
2023-12-01,CUUR0000SAF1,Food,325.409
2024-01-01,CUUR0000SAF1,Food,327.327
2024-02-01,CUUR0000SAF1,Food,327.731
2024-03-01,CUUR0000SAF1,Food,328.043
2024-04-01,CUUR0000SAF1,Food,328.678
2024-05-01,CUUR0000SAF1,Food,329.12
2024-06-01,CUUR0000SAF1,Food,329.71
2024-07-01,CUUR0000SAF1,Food,330.561
2024-08-01,CUUR0000SAF1,Food,330.75
2024-09-01,CUUR0000SAF1,Food,332.083
2024-10-01,CUUR0000SAF1,Food,332.678
2024-11-01,CUUR0000SAF1,Food,332.904
2024-12-01,CUUR0000SAF1,Food,333.566
2025-01-01,CUUR0000SAF1,Food,335.517
2025-02-01,CUUR0000SAF1,Food,336.274
2025-03-01,CUUR0000SAF1,Food,337.751
2025-04-01,CUUR0000SAF1,Food,337.747
2025-05-01,CUUR0000SAF1,Food,338.598
2025-06-01,CUUR0000SAF1,Food,339.498
2025-07-01,CUUR0000SAF1,Food,340.036
2025-08-01,CUUR0000SAF1,Food,341.295
2025-09-01,CUUR0000SAF1,Food,342.405
2025-11-01,CUUR0000SAF1,Food,341.721
2025-12-01,CUUR0000SAF1,Food,343.795
2015-01-01,CUUR0000SETB01,Gasoline,185.142
2015-02-01,CUUR0000SETB01,Gasoline,194.883
2015-03-01,CUUR0000SETB01,Gasoline,215.442
2015-04-01,CUUR0000SETB01,Gasoline,215.461
2015-05-01,CUUR0000SETB01,Gasoline,238.17
2015-06-01,CUUR0000SETB01,Gasoline,244.226
2015-07-01,CUUR0000SETB01,Gasoline,243.736
2015-08-01,CUUR0000SETB01,Gasoline,230.513
2015-09-01,CUUR0000SETB01,Gasoline,207.239
2015-10-01,CUUR0000SETB01,Gasoline,199.077
2015-11-01,CUUR0000SETB01,Gasoline,190.701
2015-12-01,CUUR0000SETB01,Gasoline,179.496
2016-01-01,CUUR0000SETB01,Gasoline,171.574
2016-02-01,CUUR0000SETB01,Gasoline,154.564
2016-03-01,CUUR0000SETB01,Gasoline,170.356
2016-04-01,CUUR0000SETB01,Gasoline,185.808
2016-05-01,CUUR0000SETB01,Gasoline,198.011
2016-06-01,CUUR0000SETB01,Gasoline,206.681
2016-07-01,CUUR0000SETB01,Gasoline,195.243
2016-08-01,CUUR0000SETB01,Gasoline,189.375
2016-09-01,CUUR0000SETB01,Gasoline,193.817
2016-10-01,CUUR0000SETB01,Gasoline,197.357
2016-11-01,CUUR0000SETB01,Gasoline,192.522
2016-12-01,CUUR0000SETB01,Gasoline,195.915
2017-01-01,CUUR0000SETB01,Gasoline,206.36
2017-02-01,CUUR0000SETB01,Gasoline,201.957
2017-03-01,CUUR0000SETB01,Gasoline,204.217
2017-04-01,CUUR0000SETB01,Gasoline,212.424
2017-05-01,CUUR0000SETB01,Gasoline,209.441
2017-06-01,CUUR0000SETB01,Gasoline,205.881
2017-07-01,CUUR0000SETB01,Gasoline,201.173
2017-08-01,CUUR0000SETB01,Gasoline,209.0
2017-09-01,CUUR0000SETB01,Gasoline,231.182
2017-10-01,CUUR0000SETB01,Gasoline,218.591
2017-11-01,CUUR0000SETB01,Gasoline,224.227
2017-12-01,CUUR0000SETB01,Gasoline,216.781
2018-01-01,CUUR0000SETB01,Gasoline,223.806
2018-02-01,CUUR0000SETB01,Gasoline,227.42
2018-03-01,CUUR0000SETB01,Gasoline,226.872
2018-04-01,CUUR0000SETB01,Gasoline,240.962
2018-05-01,CUUR0000SETB01,Gasoline,255.096
2018-06-01,CUUR0000SETB01,Gasoline,255.885
2018-07-01,CUUR0000SETB01,Gasoline,252.232
2018-08-01,CUUR0000SETB01,Gasoline,251.367
2018-09-01,CUUR0000SETB01,Gasoline,252.216
2018-10-01,CUUR0000SETB01,Gasoline,253.793
2018-11-01,CUUR0000SETB01,Gasoline,235.381
2018-12-01,CUUR0000SETB01,Gasoline,212.152
2019-01-01,CUUR0000SETB01,Gasoline,201.194
2019-02-01,CUUR0000SETB01,Gasoline,206.749
2019-03-01,CUUR0000SETB01,Gasoline,225.282
2019-04-01,CUUR0000SETB01,Gasoline,248.499
2019-05-01,CUUR0000SETB01,Gasoline,254.551
2019-06-01,CUUR0000SETB01,Gasoline,242.043
2019-07-01,CUUR0000SETB01,Gasoline,244.0
2019-08-01,CUUR0000SETB01,Gasoline,233.625
2019-09-01,CUUR0000SETB01,Gasoline,231.496
2019-10-01,CUUR0000SETB01,Gasoline,235.168
2019-11-01,CUUR0000SETB01,Gasoline,232.575
2019-12-01,CUUR0000SETB01,Gasoline,228.857
2020-01-01,CUUR0000SETB01,Gasoline,227.01
2020-02-01,CUUR0000SETB01,Gasoline,218.373
2020-03-01,CUUR0000SETB01,Gasoline,202.205
2020-04-01,CUUR0000SETB01,Gasoline,168.891
2020-05-01,CUUR0000SETB01,Gasoline,168.528
2020-06-01,CUUR0000SETB01,Gasoline,185.422
2020-07-01,CUUR0000SETB01,Gasoline,194.397
2020-08-01,CUUR0000SETB01,Gasoline,194.449
2020-09-01,CUUR0000SETB01,Gasoline,195.888
2020-10-01,CUUR0000SETB01,Gasoline,192.792
2020-11-01,CUUR0000SETB01,Gasoline,187.609
2020-12-01,CUUR0000SETB01,Gasoline,193.99
2021-01-01,CUUR0000SETB01,Gasoline,207.406
2021-02-01,CUUR0000SETB01,Gasoline,221.689
2021-03-01,CUUR0000SETB01,Gasoline,247.652
2021-04-01,CUUR0000SETB01,Gasoline,252.603
2021-05-01,CUUR0000SETB01,Gasoline,263.17
2021-06-01,CUUR0000SETB01,Gasoline,268.979
2021-07-01,CUUR0000SETB01,Gasoline,275.656
2021-08-01,CUUR0000SETB01,Gasoline,277.448
2021-09-01,CUUR0000SETB01,Gasoline,278.338
2021-10-01,CUUR0000SETB01,Gasoline,288.501
2021-11-01,CUUR0000SETB01,Gasoline,296.571
2021-12-01,CUUR0000SETB01,Gasoline,290.185
2022-01-01,CUUR0000SETB01,Gasoline,290.416
2022-02-01,CUUR0000SETB01,Gasoline,305.959
2022-03-01,CUUR0000SETB01,Gasoline,366.499
2022-04-01,CUUR0000SETB01,Gasoline,362.802
2022-05-01,CUUR0000SETB01,Gasoline,391.262
2022-06-01,CUUR0000SETB01,Gasoline,430.142
2022-07-01,CUUR0000SETB01,Gasoline,396.952
2022-08-01,CUUR0000SETB01,Gasoline,348.593
2022-09-01,CUUR0000SETB01,Gasoline,328.918
2022-10-01,CUUR0000SETB01,Gasoline,339.017
2022-11-01,CUUR0000SETB01,Gasoline,326.649
2022-12-01,CUUR0000SETB01,Gasoline,285.757
2023-01-01,CUUR0000SETB01,Gasoline,294.759
2023-02-01,CUUR0000SETB01,Gasoline,299.774
2023-03-01,CUUR0000SETB01,Gasoline,302.673
2023-04-01,CUUR0000SETB01,Gasoline,318.482
2023-05-01,CUUR0000SETB01,Gasoline,314.116
2023-06-01,CUUR0000SETB01,Gasoline,316.258
2023-07-01,CUUR0000SETB01,Gasoline,318.071
2023-08-01,CUUR0000SETB01,Gasoline,336.979
2023-09-01,CUUR0000SETB01,Gasoline,338.893
2023-10-01,CUUR0000SETB01,Gasoline,320.999
2023-11-01,CUUR0000SETB01,Gasoline,297.598
2023-12-01,CUUR0000SETB01,Gasoline,280.289
2024-01-01,CUUR0000SETB01,Gasoline,276.003
2024-02-01,CUUR0000SETB01,Gasoline,287.943
2024-03-01,CUUR0000SETB01,Gasoline,306.513
2024-04-01,CUUR0000SETB01,Gasoline,322.434
2024-05-01,CUUR0000SETB01,Gasoline,320.981
2024-06-01,CUUR0000SETB01,Gasoline,308.475
2024-07-01,CUUR0000SETB01,Gasoline,310.915
2024-08-01,CUUR0000SETB01,Gasoline,302.419
2024-09-01,CUUR0000SETB01,Gasoline,287.102
2024-10-01,CUUR0000SETB01,Gasoline,281.741
2024-11-01,CUUR0000SETB01,Gasoline,273.57
2024-12-01,CUUR0000SETB01,Gasoline,270.667
2025-01-01,CUUR0000SETB01,Gasoline,275.527
2025-02-01,CUUR0000SETB01,Gasoline,279.059
2025-03-01,CUUR0000SETB01,Gasoline,276.558
2025-04-01,CUUR0000SETB01,Gasoline,284.526
2025-05-01,CUUR0000SETB01,Gasoline,282.614
2025-06-01,CUUR0000SETB01,Gasoline,282.914
2025-07-01,CUUR0000SETB01,Gasoline,281.49
2025-08-01,CUUR0000SETB01,Gasoline,282.358
2025-09-01,CUUR0000SETB01,Gasoline,285.595
2025-10-01,CUUR0000SETB01,Gasoline,277.021
2025-11-01,CUUR0000SETB01,Gasoline,276.152
2025-12-01,CUUR0000SETB01,Gasoline,261.466
2015-01-01,CUUR0000SA0,Headline CPI,233.707
2015-02-01,CUUR0000SA0,Headline CPI,234.722
2015-03-01,CUUR0000SA0,Headline CPI,236.119
2015-04-01,CUUR0000SA0,Headline CPI,236.599
2015-05-01,CUUR0000SA0,Headline CPI,237.805
2015-06-01,CUUR0000SA0,Headline CPI,238.638
2015-07-01,CUUR0000SA0,Headline CPI,238.654
2015-08-01,CUUR0000SA0,Headline CPI,238.316
2015-09-01,CUUR0000SA0,Headline CPI,237.945
2015-10-01,CUUR0000SA0,Headline CPI,237.838
2015-11-01,CUUR0000SA0,Headline CPI,237.336
2015-12-01,CUUR0000SA0,Headline CPI,236.525
2016-01-01,CUUR0000SA0,Headline CPI,236.916
2016-02-01,CUUR0000SA0,Headline CPI,237.111
2016-03-01,CUUR0000SA0,Headline CPI,238.132
2016-04-01,CUUR0000SA0,Headline CPI,239.261
2016-05-01,CUUR0000SA0,Headline CPI,240.229
2016-06-01,CUUR0000SA0,Headline CPI,241.018
2016-07-01,CUUR0000SA0,Headline CPI,240.628
2016-08-01,CUUR0000SA0,Headline CPI,240.849
2016-09-01,CUUR0000SA0,Headline CPI,241.428
2016-10-01,CUUR0000SA0,Headline CPI,241.729
2016-11-01,CUUR0000SA0,Headline CPI,241.353
2016-12-01,CUUR0000SA0,Headline CPI,241.432
2017-01-01,CUUR0000SA0,Headline CPI,242.839
2017-02-01,CUUR0000SA0,Headline CPI,243.603
2017-03-01,CUUR0000SA0,Headline CPI,243.801
2017-04-01,CUUR0000SA0,Headline CPI,244.524
2017-05-01,CUUR0000SA0,Headline CPI,244.733
2017-06-01,CUUR0000SA0,Headline CPI,244.955
2017-07-01,CUUR0000SA0,Headline CPI,244.786
2017-08-01,CUUR0000SA0,Headline CPI,245.519
2017-09-01,CUUR0000SA0,Headline CPI,246.819
2017-10-01,CUUR0000SA0,Headline CPI,246.663
2017-11-01,CUUR0000SA0,Headline CPI,246.669
2017-12-01,CUUR0000SA0,Headline CPI,246.524
2018-01-01,CUUR0000SA0,Headline CPI,247.867
2018-02-01,CUUR0000SA0,Headline CPI,248.991
2018-03-01,CUUR0000SA0,Headline CPI,249.554
2018-04-01,CUUR0000SA0,Headline CPI,250.546
2018-05-01,CUUR0000SA0,Headline CPI,251.588
2018-06-01,CUUR0000SA0,Headline CPI,251.989
2018-07-01,CUUR0000SA0,Headline CPI,252.006
2018-08-01,CUUR0000SA0,Headline CPI,252.146
2018-09-01,CUUR0000SA0,Headline CPI,252.439
2018-10-01,CUUR0000SA0,Headline CPI,252.885
2018-11-01,CUUR0000SA0,Headline CPI,252.038
2018-12-01,CUUR0000SA0,Headline CPI,251.233
2019-01-01,CUUR0000SA0,Headline CPI,251.712
2019-02-01,CUUR0000SA0,Headline CPI,252.776
2019-03-01,CUUR0000SA0,Headline CPI,254.202
2019-04-01,CUUR0000SA0,Headline CPI,255.548
2019-05-01,CUUR0000SA0,Headline CPI,256.092
2019-06-01,CUUR0000SA0,Headline CPI,256.143
2019-07-01,CUUR0000SA0,Headline CPI,256.571
2019-08-01,CUUR0000SA0,Headline CPI,256.558
2019-09-01,CUUR0000SA0,Headline CPI,256.759
2019-10-01,CUUR0000SA0,Headline CPI,257.346
2019-11-01,CUUR0000SA0,Headline CPI,257.208
2019-12-01,CUUR0000SA0,Headline CPI,256.974
2020-01-01,CUUR0000SA0,Headline CPI,257.971
2020-02-01,CUUR0000SA0,Headline CPI,258.678
2020-03-01,CUUR0000SA0,Headline CPI,258.115
2020-04-01,CUUR0000SA0,Headline CPI,256.389
2020-05-01,CUUR0000SA0,Headline CPI,256.394
2020-06-01,CUUR0000SA0,Headline CPI,257.797
2020-07-01,CUUR0000SA0,Headline CPI,259.101
2020-08-01,CUUR0000SA0,Headline CPI,259.918
2020-09-01,CUUR0000SA0,Headline CPI,260.28
2020-10-01,CUUR0000SA0,Headline CPI,260.388
2020-11-01,CUUR0000SA0,Headline CPI,260.229
2020-12-01,CUUR0000SA0,Headline CPI,260.474
2021-01-01,CUUR0000SA0,Headline CPI,261.582
2021-02-01,CUUR0000SA0,Headline CPI,263.014
2021-03-01,CUUR0000SA0,Headline CPI,264.877
2021-04-01,CUUR0000SA0,Headline CPI,267.054
2021-05-01,CUUR0000SA0,Headline CPI,269.195
2021-06-01,CUUR0000SA0,Headline CPI,271.696
2021-07-01,CUUR0000SA0,Headline CPI,273.003
2021-08-01,CUUR0000SA0,Headline CPI,273.567
2021-09-01,CUUR0000SA0,Headline CPI,274.31
2021-10-01,CUUR0000SA0,Headline CPI,276.589
2021-11-01,CUUR0000SA0,Headline CPI,277.948
2021-12-01,CUUR0000SA0,Headline CPI,278.802
2022-01-01,CUUR0000SA0,Headline CPI,281.148
2022-02-01,CUUR0000SA0,Headline CPI,283.716
2022-03-01,CUUR0000SA0,Headline CPI,287.504
2022-04-01,CUUR0000SA0,Headline CPI,289.109
2022-05-01,CUUR0000SA0,Headline CPI,292.296
2022-06-01,CUUR0000SA0,Headline CPI,296.311
2022-07-01,CUUR0000SA0,Headline CPI,296.276
2022-08-01,CUUR0000SA0,Headline CPI,296.171
2022-09-01,CUUR0000SA0,Headline CPI,296.808
2022-10-01,CUUR0000SA0,Headline CPI,298.012
2022-11-01,CUUR0000SA0,Headline CPI,297.711
2022-12-01,CUUR0000SA0,Headline CPI,296.797
2023-01-01,CUUR0000SA0,Headline CPI,299.17
2023-02-01,CUUR0000SA0,Headline CPI,300.84
2023-03-01,CUUR0000SA0,Headline CPI,301.836
2023-04-01,CUUR0000SA0,Headline CPI,303.363
2023-05-01,CUUR0000SA0,Headline CPI,304.127
2023-06-01,CUUR0000SA0,Headline CPI,305.109
2023-07-01,CUUR0000SA0,Headline CPI,305.691
2023-08-01,CUUR0000SA0,Headline CPI,307.026
2023-09-01,CUUR0000SA0,Headline CPI,307.789
2023-10-01,CUUR0000SA0,Headline CPI,307.671
2023-11-01,CUUR0000SA0,Headline CPI,307.051
2023-12-01,CUUR0000SA0,Headline CPI,306.746
2024-01-01,CUUR0000SA0,Headline CPI,308.417
2024-02-01,CUUR0000SA0,Headline CPI,310.326
2024-03-01,CUUR0000SA0,Headline CPI,312.332
2024-04-01,CUUR0000SA0,Headline CPI,313.548
2024-05-01,CUUR0000SA0,Headline CPI,314.069
2024-06-01,CUUR0000SA0,Headline CPI,314.175
2024-07-01,CUUR0000SA0,Headline CPI,314.54
2024-08-01,CUUR0000SA0,Headline CPI,314.796
2024-09-01,CUUR0000SA0,Headline CPI,315.301
2024-10-01,CUUR0000SA0,Headline CPI,315.664
2024-11-01,CUUR0000SA0,Headline CPI,315.493
2024-12-01,CUUR0000SA0,Headline CPI,315.605
2025-01-01,CUUR0000SA0,Headline CPI,317.671
2025-02-01,CUUR0000SA0,Headline CPI,319.082
2025-03-01,CUUR0000SA0,Headline CPI,319.799
2025-04-01,CUUR0000SA0,Headline CPI,320.795
2025-05-01,CUUR0000SA0,Headline CPI,321.465
2025-06-01,CUUR0000SA0,Headline CPI,322.561
2025-07-01,CUUR0000SA0,Headline CPI,323.048
2025-08-01,CUUR0000SA0,Headline CPI,323.976
2025-09-01,CUUR0000SA0,Headline CPI,324.8
2025-11-01,CUUR0000SA0,Headline CPI,324.122
2025-12-01,CUUR0000SA0,Headline CPI,324.054
2015-01-01,CUUR0000SETA01,New Vehicles,146.558
2015-02-01,CUUR0000SETA01,New Vehicles,147.345
2015-03-01,CUUR0000SETA01,New Vehicles,147.574
2015-04-01,CUUR0000SETA01,New Vehicles,147.844
2015-05-01,CUUR0000SETA01,New Vehicles,147.889
2015-06-01,CUUR0000SETA01,New Vehicles,147.845
2015-07-01,CUUR0000SETA01,New Vehicles,147.154
2015-08-01,CUUR0000SETA01,New Vehicles,146.704
2015-09-01,CUUR0000SETA01,New Vehicles,146.57
2015-10-01,CUUR0000SETA01,New Vehicles,146.516
2015-11-01,CUUR0000SETA01,New Vehicles,146.804
2015-12-01,CUUR0000SETA01,New Vehicles,146.817
2016-01-01,CUUR0000SETA01,New Vehicles,147.456
2016-02-01,CUUR0000SETA01,New Vehicles,148.268
2016-03-01,CUUR0000SETA01,New Vehicles,148.227
2016-04-01,CUUR0000SETA01,New Vehicles,147.895
2016-05-01,CUUR0000SETA01,New Vehicles,147.646
2016-06-01,CUUR0000SETA01,New Vehicles,147.245
2016-07-01,CUUR0000SETA01,New Vehicles,147.119
2016-08-01,CUUR0000SETA01,New Vehicles,146.713
2016-09-01,CUUR0000SETA01,New Vehicles,146.499
2016-10-01,CUUR0000SETA01,New Vehicles,146.896
2016-11-01,CUUR0000SETA01,New Vehicles,147.027
2016-12-01,CUUR0000SETA01,New Vehicles,147.299
2017-01-01,CUUR0000SETA01,New Vehicles,148.848
2017-02-01,CUUR0000SETA01,New Vehicles,148.993
2017-03-01,CUUR0000SETA01,New Vehicles,148.543
2017-04-01,CUUR0000SETA01,New Vehicles,148.457
2017-05-01,CUUR0000SETA01,New Vehicles,148.033
2017-06-01,CUUR0000SETA01,New Vehicles,147.262
2017-07-01,CUUR0000SETA01,New Vehicles,146.19
2017-08-01,CUUR0000SETA01,New Vehicles,145.712
2017-09-01,CUUR0000SETA01,New Vehicles,145.037
2017-10-01,CUUR0000SETA01,New Vehicles,144.868
2017-11-01,CUUR0000SETA01,New Vehicles,145.442
2017-12-01,CUUR0000SETA01,New Vehicles,146.522
2018-01-01,CUUR0000SETA01,New Vehicles,146.996
2018-02-01,CUUR0000SETA01,New Vehicles,146.807
2018-03-01,CUUR0000SETA01,New Vehicles,146.727
2018-04-01,CUUR0000SETA01,New Vehicles,146.069
2018-05-01,CUUR0000SETA01,New Vehicles,146.349
2018-06-01,CUUR0000SETA01,New Vehicles,146.562
2018-07-01,CUUR0000SETA01,New Vehicles,146.526
2018-08-01,CUUR0000SETA01,New Vehicles,146.149
2018-09-01,CUUR0000SETA01,New Vehicles,145.715
2018-10-01,CUUR0000SETA01,New Vehicles,145.588
2018-11-01,CUUR0000SETA01,New Vehicles,145.826
2018-12-01,CUUR0000SETA01,New Vehicles,146.126
2019-01-01,CUUR0000SETA01,New Vehicles,147.059
2019-02-01,CUUR0000SETA01,New Vehicles,147.226
2019-03-01,CUUR0000SETA01,New Vehicles,147.788
2019-04-01,CUUR0000SETA01,New Vehicles,147.84
2019-05-01,CUUR0000SETA01,New Vehicles,147.659
2019-06-01,CUUR0000SETA01,New Vehicles,147.417
2019-07-01,CUUR0000SETA01,New Vehicles,147.035
2019-08-01,CUUR0000SETA01,New Vehicles,146.456
2019-09-01,CUUR0000SETA01,New Vehicles,145.854
2019-10-01,CUUR0000SETA01,New Vehicles,145.726
2019-11-01,CUUR0000SETA01,New Vehicles,145.728
2019-12-01,CUUR0000SETA01,New Vehicles,146.22
2020-01-01,CUUR0000SETA01,New Vehicles,147.253
2020-02-01,CUUR0000SETA01,New Vehicles,147.803
2020-03-01,CUUR0000SETA01,New Vehicles,147.124
2020-04-01,CUUR0000SETA01,New Vehicles,147.007
2020-05-01,CUUR0000SETA01,New Vehicles,147.222
2020-06-01,CUUR0000SETA01,New Vehicles,147.108
2020-07-01,CUUR0000SETA01,New Vehicles,147.803
2020-08-01,CUUR0000SETA01,New Vehicles,147.412
2020-09-01,CUUR0000SETA01,New Vehicles,147.361
2020-10-01,CUUR0000SETA01,New Vehicles,147.956
2020-11-01,CUUR0000SETA01,New Vehicles,148.063
2020-12-01,CUUR0000SETA01,New Vehicles,149.091
2021-01-01,CUUR0000SETA01,New Vehicles,149.377
2021-02-01,CUUR0000SETA01,New Vehicles,149.515
2021-03-01,CUUR0000SETA01,New Vehicles,149.321
2021-04-01,CUUR0000SETA01,New Vehicles,149.892
2021-05-01,CUUR0000SETA01,New Vehicles,152.143
2021-06-01,CUUR0000SETA01,New Vehicles,154.847
2021-07-01,CUUR0000SETA01,New Vehicles,157.203
2021-08-01,CUUR0000SETA01,New Vehicles,158.652
2021-09-01,CUUR0000SETA01,New Vehicles,160.244
2021-10-01,CUUR0000SETA01,New Vehicles,162.527
2021-11-01,CUUR0000SETA01,New Vehicles,164.511
2021-12-01,CUUR0000SETA01,New Vehicles,166.653
2022-01-01,CUUR0000SETA01,New Vehicles,167.582
2022-02-01,CUUR0000SETA01,New Vehicles,168.027
2022-03-01,CUUR0000SETA01,New Vehicles,168.056
2022-04-01,CUUR0000SETA01,New Vehicles,169.699
2022-05-01,CUUR0000SETA01,New Vehicles,171.35
2022-06-01,CUUR0000SETA01,New Vehicles,172.546
2022-07-01,CUUR0000SETA01,New Vehicles,173.618
2022-08-01,CUUR0000SETA01,New Vehicles,174.598
2022-09-01,CUUR0000SETA01,New Vehicles,175.312
2022-10-01,CUUR0000SETA01,New Vehicles,176.157
2022-11-01,CUUR0000SETA01,New Vehicles,176.354
2022-12-01,CUUR0000SETA01,New Vehicles,176.463
2023-01-01,CUUR0000SETA01,New Vehicles,177.276
2023-02-01,CUUR0000SETA01,New Vehicles,177.817
2023-03-01,CUUR0000SETA01,New Vehicles,178.342
2023-04-01,CUUR0000SETA01,New Vehicles,178.892
2023-05-01,CUUR0000SETA01,New Vehicles,179.329
2023-06-01,CUUR0000SETA01,New Vehicles,179.577
2023-07-01,CUUR0000SETA01,New Vehicles,179.696
2023-08-01,CUUR0000SETA01,New Vehicles,179.691
2023-09-01,CUUR0000SETA01,New Vehicles,179.75
2023-10-01,CUUR0000SETA01,New Vehicles,179.446
2023-11-01,CUUR0000SETA01,New Vehicles,178.7
2023-12-01,CUUR0000SETA01,New Vehicles,178.269
2024-01-01,CUUR0000SETA01,New Vehicles,178.595
2024-02-01,CUUR0000SETA01,New Vehicles,178.592
2024-03-01,CUUR0000SETA01,New Vehicles,178.247
2024-04-01,CUUR0000SETA01,New Vehicles,178.25
2024-05-01,CUUR0000SETA01,New Vehicles,177.958
2024-06-01,CUUR0000SETA01,New Vehicles,178.001
2024-07-01,CUUR0000SETA01,New Vehicles,177.84
2024-08-01,CUUR0000SETA01,New Vehicles,177.534
2024-09-01,CUUR0000SETA01,New Vehicles,177.435
2024-10-01,CUUR0000SETA01,New Vehicles,177.162
2024-11-01,CUUR0000SETA01,New Vehicles,177.472
2024-12-01,CUUR0000SETA01,New Vehicles,177.552
2025-01-01,CUUR0000SETA01,New Vehicles,178.008
2025-02-01,CUUR0000SETA01,New Vehicles,178.038
2025-03-01,CUUR0000SETA01,New Vehicles,178.168
2025-04-01,CUUR0000SETA01,New Vehicles,178.795
2025-05-01,CUUR0000SETA01,New Vehicles,178.728
2025-06-01,CUUR0000SETA01,New Vehicles,178.443
2025-07-01,CUUR0000SETA01,New Vehicles,178.569
2025-08-01,CUUR0000SETA01,New Vehicles,178.698
2025-09-01,CUUR0000SETA01,New Vehicles,178.77
2025-10-01,CUUR0000SETA01,New Vehicles,178.723
2025-11-01,CUUR0000SETA01,New Vehicles,178.575
2025-12-01,CUUR0000SETA01,New Vehicles,178.034
2015-01-01,CUUR0000SAH1,Shelter,274.589
2015-02-01,CUUR0000SAH1,Shelter,275.39
2015-03-01,CUUR0000SAH1,Shelter,276.36
2015-04-01,CUUR0000SAH1,Shelter,276.978
2015-05-01,CUUR0000SAH1,Shelter,277.563
2015-06-01,CUUR0000SAH1,Shelter,278.461
2015-07-01,CUUR0000SAH1,Shelter,279.559
2015-08-01,CUUR0000SAH1,Shelter,280.093
2015-09-01,CUUR0000SAH1,Shelter,280.814
2015-10-01,CUUR0000SAH1,Shelter,281.499
2015-11-01,CUUR0000SAH1,Shelter,281.932
2015-12-01,CUUR0000SAH1,Shelter,282.394
2016-01-01,CUUR0000SAH1,Shelter,283.498
2016-02-01,CUUR0000SAH1,Shelter,284.435
2016-03-01,CUUR0000SAH1,Shelter,285.196
2016-04-01,CUUR0000SAH1,Shelter,285.836
2016-05-01,CUUR0000SAH1,Shelter,286.924
2016-06-01,CUUR0000SAH1,Shelter,288.069
2016-07-01,CUUR0000SAH1,Shelter,288.78
2016-08-01,CUUR0000SAH1,Shelter,289.605
2016-09-01,CUUR0000SAH1,Shelter,290.445
2016-10-01,CUUR0000SAH1,Shelter,291.407
2016-11-01,CUUR0000SAH1,Shelter,291.953
2016-12-01,CUUR0000SAH1,Shelter,292.612
2017-01-01,CUUR0000SAH1,Shelter,293.56
2017-02-01,CUUR0000SAH1,Shelter,294.444
2017-03-01,CUUR0000SAH1,Shelter,295.044
2017-04-01,CUUR0000SAH1,Shelter,295.706
2017-05-01,CUUR0000SAH1,Shelter,296.503
2017-06-01,CUUR0000SAH1,Shelter,297.446
2017-07-01,CUUR0000SAH1,Shelter,297.919
2017-08-01,CUUR0000SAH1,Shelter,299.157
2017-09-01,CUUR0000SAH1,Shelter,299.844
2017-10-01,CUUR0000SAH1,Shelter,300.846
2017-11-01,CUUR0000SAH1,Shelter,301.185
2017-12-01,CUUR0000SAH1,Shelter,301.985
2018-01-01,CUUR0000SAH1,Shelter,302.928
2018-02-01,CUUR0000SAH1,Shelter,303.653
2018-03-01,CUUR0000SAH1,Shelter,304.847
2018-04-01,CUUR0000SAH1,Shelter,305.716
2018-05-01,CUUR0000SAH1,Shelter,306.913
2018-06-01,CUUR0000SAH1,Shelter,307.521
2018-07-01,CUUR0000SAH1,Shelter,308.393
2018-08-01,CUUR0000SAH1,Shelter,309.296
2018-09-01,CUUR0000SAH1,Shelter,309.702
2018-10-01,CUUR0000SAH1,Shelter,310.382
2018-11-01,CUUR0000SAH1,Shelter,310.95
2018-12-01,CUUR0000SAH1,Shelter,311.652
2019-01-01,CUUR0000SAH1,Shelter,312.696
2019-02-01,CUUR0000SAH1,Shelter,313.88
2019-03-01,CUUR0000SAH1,Shelter,315.135
2019-04-01,CUUR0000SAH1,Shelter,316.263
2019-05-01,CUUR0000SAH1,Shelter,317.188
2019-06-01,CUUR0000SAH1,Shelter,318.3
2019-07-01,CUUR0000SAH1,Shelter,319.136
2019-08-01,CUUR0000SAH1,Shelter,319.679
2019-09-01,CUUR0000SAH1,Shelter,320.569
2019-10-01,CUUR0000SAH1,Shelter,320.762
2019-11-01,CUUR0000SAH1,Shelter,321.267
2019-12-01,CUUR0000SAH1,Shelter,321.766
2020-01-01,CUUR0000SAH1,Shelter,323.053
2020-02-01,CUUR0000SAH1,Shelter,324.254
2020-03-01,CUUR0000SAH1,Shelter,324.615
2020-04-01,CUUR0000SAH1,Shelter,324.522
2020-05-01,CUUR0000SAH1,Shelter,325.265
2020-06-01,CUUR0000SAH1,Shelter,325.814
2020-07-01,CUUR0000SAH1,Shelter,326.58
2020-08-01,CUUR0000SAH1,Shelter,326.997
2020-09-01,CUUR0000SAH1,Shelter,327.116
2020-10-01,CUUR0000SAH1,Shelter,327.273
2020-11-01,CUUR0000SAH1,Shelter,327.435
2020-12-01,CUUR0000SAH1,Shelter,327.702
2021-01-01,CUUR0000SAH1,Shelter,328.282
2021-02-01,CUUR0000SAH1,Shelter,329.005
2021-03-01,CUUR0000SAH1,Shelter,330.122
2021-04-01,CUUR0000SAH1,Shelter,331.354
2021-05-01,CUUR0000SAH1,Shelter,332.454
2021-06-01,CUUR0000SAH1,Shelter,334.222
2021-07-01,CUUR0000SAH1,Shelter,335.812
2021-08-01,CUUR0000SAH1,Shelter,336.284
2021-09-01,CUUR0000SAH1,Shelter,337.451
2021-10-01,CUUR0000SAH1,Shelter,338.671
2021-11-01,CUUR0000SAH1,Shelter,339.997
2021-12-01,CUUR0000SAH1,Shelter,341.241
2022-01-01,CUUR0000SAH1,Shelter,342.604
2022-02-01,CUUR0000SAH1,Shelter,344.607
2022-03-01,CUUR0000SAH1,Shelter,346.618
2022-04-01,CUUR0000SAH1,Shelter,348.389
2022-05-01,CUUR0000SAH1,Shelter,350.58
2022-06-01,CUUR0000SAH1,Shelter,352.967
2022-07-01,CUUR0000SAH1,Shelter,354.935
2022-08-01,CUUR0000SAH1,Shelter,357.264
2022-09-01,CUUR0000SAH1,Shelter,359.704
2022-10-01,CUUR0000SAH1,Shelter,362.093
2022-11-01,CUUR0000SAH1,Shelter,364.195
2022-12-01,CUUR0000SAH1,Shelter,366.868
2023-01-01,CUUR0000SAH1,Shelter,369.585
2023-02-01,CUUR0000SAH1,Shelter,372.51
2023-03-01,CUUR0000SAH1,Shelter,374.971
2023-04-01,CUUR0000SAH1,Shelter,376.636
2023-05-01,CUUR0000SAH1,Shelter,378.776
2023-06-01,CUUR0000SAH1,Shelter,380.594
2023-07-01,CUUR0000SAH1,Shelter,382.226
2023-08-01,CUUR0000SAH1,Shelter,383.221
2023-09-01,CUUR0000SAH1,Shelter,385.433
2023-10-01,CUUR0000SAH1,Shelter,386.435
2023-11-01,CUUR0000SAH1,Shelter,387.892
2023-12-01,CUUR0000SAH1,Shelter,389.433
2024-01-01,CUUR0000SAH1,Shelter,391.896
2024-02-01,CUUR0000SAH1,Shelter,393.906
2024-03-01,CUUR0000SAH1,Shelter,396.174
2024-04-01,CUUR0000SAH1,Shelter,397.539
2024-05-01,CUUR0000SAH1,Shelter,399.274
2024-06-01,CUUR0000SAH1,Shelter,400.234
2024-07-01,CUUR0000SAH1,Shelter,401.545
2024-08-01,CUUR0000SAH1,Shelter,403.257
2024-09-01,CUUR0000SAH1,Shelter,404.133
2024-10-01,CUUR0000SAH1,Shelter,405.287
2024-11-01,CUUR0000SAH1,Shelter,406.25
2024-12-01,CUUR0000SAH1,Shelter,407.242
2025-01-01,CUUR0000SAH1,Shelter,409.153
2025-02-01,CUUR0000SAH1,Shelter,410.635
2025-03-01,CUUR0000SAH1,Shelter,411.99
2025-04-01,CUUR0000SAH1,Shelter,413.389
2025-05-01,CUUR0000SAH1,Shelter,414.689
2025-06-01,CUUR0000SAH1,Shelter,415.455
2025-07-01,CUUR0000SAH1,Shelter,416.271
2025-08-01,CUUR0000SAH1,Shelter,417.902
2025-09-01,CUUR0000SAH1,Shelter,418.598
2025-11-01,CUUR0000SAH1,Shelter,418.593
2025-12-01,CUUR0000SAH1,Shelter,420.134
2015-01-01,CUUR0000SETA02,Used Cars and Trucks,141.461
2015-02-01,CUUR0000SETA02,Used Cars and Trucks,143.39
2015-03-01,CUUR0000SETA02,Used Cars and Trucks,147.023
2015-04-01,CUUR0000SETA02,Used Cars and Trucks,149.788
2015-05-01,CUUR0000SETA02,Used Cars and Trucks,150.713
2015-06-01,CUUR0000SETA02,Used Cars and Trucks,150.97
2015-07-01,CUUR0000SETA02,Used Cars and Trucks,151.119
2015-08-01,CUUR0000SETA02,Used Cars and Trucks,150.908
2015-09-01,CUUR0000SETA02,Used Cars and Trucks,148.52
2015-10-01,CUUR0000SETA02,Used Cars and Trucks,145.821
2015-11-01,CUUR0000SETA02,Used Cars and Trucks,143.247
2015-12-01,CUUR0000SETA02,Used Cars and Trucks,142.474
2016-01-01,CUUR0000SETA02,Used Cars and Trucks,142.668
2016-02-01,CUUR0000SETA02,Used Cars and Trucks,144.024
2016-03-01,CUUR0000SETA02,Used Cars and Trucks,146.178
2016-04-01,CUUR0000SETA02,Used Cars and Trucks,147.489
2016-05-01,CUUR0000SETA02,Used Cars and Trucks,147.223
2016-06-01,CUUR0000SETA02,Used Cars and Trucks,146.303
2016-07-01,CUUR0000SETA02,Used Cars and Trucks,145.457
2016-08-01,CUUR0000SETA02,Used Cars and Trucks,144.858
2016-09-01,CUUR0000SETA02,Used Cars and Trucks,142.482
2016-10-01,CUUR0000SETA02,Used Cars and Trucks,139.914
2016-11-01,CUUR0000SETA02,Used Cars and Trucks,137.789
2016-12-01,CUUR0000SETA02,Used Cars and Trucks,137.475
2017-01-01,CUUR0000SETA02,Used Cars and Trucks,137.397
2017-02-01,CUUR0000SETA02,Used Cars and Trucks,137.899
2017-03-01,CUUR0000SETA02,Used Cars and Trucks,139.372
2017-04-01,CUUR0000SETA02,Used Cars and Trucks,140.654
2017-05-01,CUUR0000SETA02,Used Cars and Trucks,140.875
2017-06-01,CUUR0000SETA02,Used Cars and Trucks,140.015
2017-07-01,CUUR0000SETA02,Used Cars and Trucks,139.519
2017-08-01,CUUR0000SETA02,Used Cars and Trucks,139.35
2017-09-01,CUUR0000SETA02,Used Cars and Trucks,137.141
2017-10-01,CUUR0000SETA02,Used Cars and Trucks,135.867
2017-11-01,CUUR0000SETA02,Used Cars and Trucks,134.901
2017-12-01,CUUR0000SETA02,Used Cars and Trucks,136.118
2018-01-01,CUUR0000SETA02,Used Cars and Trucks,136.555
2018-02-01,CUUR0000SETA02,Used Cars and Trucks,137.768
2018-03-01,CUUR0000SETA02,Used Cars and Trucks,139.892
2018-04-01,CUUR0000SETA02,Used Cars and Trucks,139.368
2018-05-01,CUUR0000SETA02,Used Cars and Trucks,138.506
2018-06-01,CUUR0000SETA02,Used Cars and Trucks,139.09
2018-07-01,CUUR0000SETA02,Used Cars and Trucks,140.687
2018-08-01,CUUR0000SETA02,Used Cars and Trucks,141.095
2018-09-01,CUUR0000SETA02,Used Cars and Trucks,135.13
2018-10-01,CUUR0000SETA02,Used Cars and Trucks,136.45
2018-11-01,CUUR0000SETA02,Used Cars and Trucks,138.01
2018-12-01,CUUR0000SETA02,Used Cars and Trucks,138.069
2019-01-01,CUUR0000SETA02,Used Cars and Trucks,138.8
2019-02-01,CUUR0000SETA02,Used Cars and Trucks,139.301
2019-03-01,CUUR0000SETA02,Used Cars and Trucks,140.513
2019-04-01,CUUR0000SETA02,Used Cars and Trucks,140.458
2019-05-01,CUUR0000SETA02,Used Cars and Trucks,138.888
2019-06-01,CUUR0000SETA02,Used Cars and Trucks,140.823
2019-07-01,CUUR0000SETA02,Used Cars and Trucks,142.756
2019-08-01,CUUR0000SETA02,Used Cars and Trucks,144.026
2019-09-01,CUUR0000SETA02,Used Cars and Trucks,138.653
2019-10-01,CUUR0000SETA02,Used Cars and Trucks,138.407
2019-11-01,CUUR0000SETA02,Used Cars and Trucks,137.407
2019-12-01,CUUR0000SETA02,Used Cars and Trucks,137.125
2020-01-01,CUUR0000SETA02,Used Cars and Trucks,136.064
2020-02-01,CUUR0000SETA02,Used Cars and Trucks,137.452
2020-03-01,CUUR0000SETA02,Used Cars and Trucks,140.689
2020-04-01,CUUR0000SETA02,Used Cars and Trucks,139.411
2020-05-01,CUUR0000SETA02,Used Cars and Trucks,138.383
2020-06-01,CUUR0000SETA02,Used Cars and Trucks,136.915
2020-07-01,CUUR0000SETA02,Used Cars and Trucks,141.493
2020-08-01,CUUR0000SETA02,Used Cars and Trucks,149.765
2020-09-01,CUUR0000SETA02,Used Cars and Trucks,152.887
2020-10-01,CUUR0000SETA02,Used Cars and Trucks,154.381
2020-11-01,CUUR0000SETA02,Used Cars and Trucks,152.324
2020-12-01,CUUR0000SETA02,Used Cars and Trucks,150.891
2021-01-01,CUUR0000SETA02,Used Cars and Trucks,149.659
2021-02-01,CUUR0000SETA02,Used Cars and Trucks,150.221
2021-03-01,CUUR0000SETA02,Used Cars and Trucks,153.873
2021-04-01,CUUR0000SETA02,Used Cars and Trucks,168.647
2021-05-01,CUUR0000SETA02,Used Cars and Trucks,179.532
2021-06-01,CUUR0000SETA02,Used Cars and Trucks,198.855
2021-07-01,CUUR0000SETA02,Used Cars and Trucks,200.425
2021-08-01,CUUR0000SETA02,Used Cars and Trucks,197.535
2021-09-01,CUUR0000SETA02,Used Cars and Trucks,190.207
2021-10-01,CUUR0000SETA02,Used Cars and Trucks,195.213
2021-11-01,CUUR0000SETA02,Used Cars and Trucks,200.209
2021-12-01,CUUR0000SETA02,Used Cars and Trucks,207.164
2022-01-01,CUUR0000SETA02,Used Cars and Trucks,210.293
2022-02-01,CUUR0000SETA02,Used Cars and Trucks,212.04
2022-03-01,CUUR0000SETA02,Used Cars and Trucks,208.216
2022-04-01,CUUR0000SETA02,Used Cars and Trucks,206.981
2022-05-01,CUUR0000SETA02,Used Cars and Trucks,208.373
2022-06-01,CUUR0000SETA02,Used Cars and Trucks,212.98
2022-07-01,CUUR0000SETA02,Used Cars and Trucks,213.683
2022-08-01,CUUR0000SETA02,Used Cars and Trucks,212.895
2022-09-01,CUUR0000SETA02,Used Cars and Trucks,203.867
2022-10-01,CUUR0000SETA02,Used Cars and Trucks,199.176
2022-11-01,CUUR0000SETA02,Used Cars and Trucks,193.53
2022-12-01,CUUR0000SETA02,Used Cars and Trucks,188.864
2023-01-01,CUUR0000SETA02,Used Cars and Trucks,185.857
2023-02-01,CUUR0000SETA02,Used Cars and Trucks,183.241
2023-03-01,CUUR0000SETA02,Used Cars and Trucks,184.997
2023-04-01,CUUR0000SETA02,Used Cars and Trucks,193.394
2023-05-01,CUUR0000SETA02,Used Cars and Trucks,199.576
2023-06-01,CUUR0000SETA02,Used Cars and Trucks,202.007
2023-07-01,CUUR0000SETA02,Used Cars and Trucks,201.624
2023-08-01,CUUR0000SETA02,Used Cars and Trucks,198.768
2023-09-01,CUUR0000SETA02,Used Cars and Trucks,187.587
2023-10-01,CUUR0000SETA02,Used Cars and Trucks,184.961
2023-11-01,CUUR0000SETA02,Used Cars and Trucks,186.27
2023-12-01,CUUR0000SETA02,Used Cars and Trucks,186.383
2024-01-01,CUUR0000SETA02,Used Cars and Trucks,179.41
2024-02-01,CUUR0000SETA02,Used Cars and Trucks,180.006
2024-03-01,CUUR0000SETA02,Used Cars and Trucks,180.891
2024-04-01,CUUR0000SETA02,Used Cars and Trucks,180.132
2024-05-01,CUUR0000SETA02,Used Cars and Trucks,180.971
2024-06-01,CUUR0000SETA02,Used Cars and Trucks,181.603
2024-07-01,CUUR0000SETA02,Used Cars and Trucks,179.579
2024-08-01,CUUR0000SETA02,Used Cars and Trucks,178.192
2024-09-01,CUUR0000SETA02,Used Cars and Trucks,178.072
2024-10-01,CUUR0000SETA02,Used Cars and Trucks,178.744
2024-11-01,CUUR0000SETA02,Used Cars and Trucks,179.958
2024-12-01,CUUR0000SETA02,Used Cars and Trucks,180.317
2025-01-01,CUUR0000SETA02,Used Cars and Trucks,181.265
2025-02-01,CUUR0000SETA02,Used Cars and Trucks,181.361
2025-03-01,CUUR0000SETA02,Used Cars and Trucks,181.932
2025-04-01,CUUR0000SETA02,Used Cars and Trucks,182.861
2025-05-01,CUUR0000SETA02,Used Cars and Trucks,184.224
2025-06-01,CUUR0000SETA02,Used Cars and Trucks,186.671
2025-07-01,CUUR0000SETA02,Used Cars and Trucks,188.183
2025-08-01,CUUR0000SETA02,Used Cars and Trucks,188.96
2025-09-01,CUUR0000SETA02,Used Cars and Trucks,187.121
2025-10-01,CUUR0000SETA02,Used Cars and Trucks,186.962
2025-11-01,CUUR0000SETA02,Used Cars and Trucks,186.367
2025-12-01,CUUR0000SETA02,Used Cars and Trucks,183.265
